日付,曜日,予約件数,予約人数,来客数,総杯数,売上合計(円),ペールエール(本),ペールエール(円),ラガー(本),ラガー(円),IPA(本),IPA(円),ホワイトビール(本),ホワイトビール(円),黒ビール(本),黒ビール(円),フルーツビール(本),フルーツビール(円),平均気温(℃),天気概況(昼：06時～18時),降水量の合計(mm),合計全天日射量(MJ/㎡),最深積雪(cm),平均風速(m/s),平均蒸気圧(hPa),平均現地気圧(hPa),平均湿度(％),最大風速(m/s),最大瞬間風速(m/s),最高気温(℃),最低気温(℃),降雪量合計(cm),天気概況コード,曜日番号
2024-04-01,月,,,16,25,25300,6,6000,5,4000,5,4500,4,3600,6,7200,0,0,14.6,その他,3.0,14.85,0.0,2.8,11.9,1004.7,73.0,6.3,11.4,19.7,11.8,0.0,0,0
2024-04-02,火,,,19,25,24600,6,6000,4,3200,5,4500,3,2700,6,7200,1,1000,14.2,晴後薄曇,0.0,22.3,0.0,3.0,8.2,1013.7,50.0,6.1,10.9,20.6,8.4,0.0,9,1
2024-04-03,水,,,11,19,18500,5,5000,4,3200,3,2700,2,1800,4,4800,1,1000,13.9,雨時々曇,11.5,4.58,0.0,1.6,13.0,1009.9,83.0,3.9,6.7,16.6,12.3,0.0,28,2
2024-04-04,木,,,6,10,9500,2,2000,2,1600,2,1800,1,900,1,1200,2,2000,15.4,曇一時雨,4.0,9.27,0.0,2.0,13.6,1005.1,79.0,4.7,7.7,19.9,11.3,0.0,14,3
2024-04-05,金,,,10,18,17100,3,3000,5,4000,3,2700,2,1800,3,3600,2,2000,11.4,曇時々雨,0.5,2.97,0.0,2.8,9.6,1017.0,71.0,4.9,9.3,15.1,9.0,0.0,20,4
2024-04-06,土,,,17,36,34900,11,11000,8,6400,6,5400,3,2700,7,8400,1,1000,12.7,曇,0.0,8.84,0.0,1.8,12.0,1017.8,81.0,3.5,5.9,15.8,9.0,0.0,12,5
2024-04-08,月,,,7,9,8600,2,2000,2,1600,1,900,1,900,1,1200,2,2000,18.8,曇後雨,0.0,12.9,0.0,2.0,18.2,1015.0,85.0,5.6,7.8,23.2,15.4,0.0,18,0
2024-04-09,火,,,3,4,4800,1,1000,1,800,1,900,1,900,1,1200,0,0,15.6,その他,55.5,2.41,0.0,4.4,14.6,1005.9,78.0,11.0,23.7,19.8,9.7,0.0,0,1
2024-04-10,水,,,8,15,14700,3,3000,3,2400,2,1800,1,900,3,3600,3,3000,11.7,晴,0.0,26.41,0.0,3.2,6.3,1023.7,47.0,6.1,10.8,17.8,7.4,0.0,3,2
2024-04-11,木,,,15,19,18100,6,6000,4,3200,3,2700,2,1800,2,2400,2,2000,14.0,晴後薄曇,0.0,22.75,0.0,2.5,9.7,1025.6,62.0,5.9,8.5,19.8,7.7,0.0,9,3
2024-04-12,金,,,17,30,28400,7,7000,5,4000,6,5400,6,5400,3,3600,3,3000,15.0,曇一時雨,2.5,11.53,0.0,2.3,12.5,1018.0,73.0,4.5,8.6,18.2,12.8,0.0,14,4
2024-04-13,土,,,17,33,31400,8,8000,8,6400,6,5400,4,3600,5,6000,2,2000,16.4,薄曇時々晴,0.0,21.47,0.0,2.3,12.4,1015.9,68.0,4.2,8.4,22.7,11.1,0.0,25,5
2024-04-15,月,,,21,34,32400,10,10000,6,4800,6,5400,6,5400,4,4800,2,2000,19.4,晴後薄曇,0.0,24.15,0.0,2.8,14.0,1018.6,65.0,5.5,9.3,26.8,14.0,0.0,9,0
2024-04-16,火,,,13,22,20600,6,6000,5,4000,5,4500,3,2700,2,2400,1,1000,19.2,晴一時曇,0.0,19.85,0.0,5.3,14.5,1012.9,66.0,10.4,17.5,23.4,15.9,0.0,4,1
2024-04-17,水,,,15,26,24800,6,6000,6,4800,4,3600,4,3600,4,4800,2,2000,20.1,晴時々曇,0.0,18.23,0.0,3.0,16.4,1006.1,70.0,6.6,12.2,25.5,16.5,0.0,10,2
2024-04-18,木,,,5,7,6800,2,2000,1,800,1,900,1,900,1,1200,1,1000,17.9,曇後一時雨,1.5,10.09,0.0,2.7,13.6,1003.1,67.0,4.5,8.3,21.4,14.3,0.0,16,3
2024-04-19,金,,,15,34,32000,9,9000,9,7200,6,5400,4,3600,4,4800,2,2000,18.3,晴一時薄曇,0.0,26.08,0.0,5.6,9.4,1002.6,46.0,10.6,19.8,23.6,14.1,0.0,5,4
2024-04-20,土,,,19,27,26000,8,8000,5,4000,5,4500,3,2700,4,4800,2,2000,19.4,曇,0.0,20.88,0.0,2.5,10.5,1008.9,48.0,5.1,7.3,26.1,12.7,0.0,12,5
2024-04-22,月,,,15,23,21600,6,6000,6,4800,3,2700,5,4500,3,3600,0,0,15.6,曇時々雨,7.0,5.17,0.0,2.2,15.8,1011.0,89.0,3.7,6.6,18.6,13.2,0.0,20,0
2024-04-23,火,,,20,33,31100,7,7000,8,6400,6,5400,5,4500,4,4800,3,3000,16.9,曇,0.0,5.48,0.0,2.1,15.7,1014.1,82.0,4.3,8.1,19.4,14.8,0.0,12,1
2024-04-24,水,,,5,9,8600,2,2000,2,1600,1,900,1,900,1,1200,2,2000,15.0,雨,20.5,3.16,0.0,2.1,16.0,1010.8,94.0,5.0,7.9,16.5,13.9,0.0,26,2
2024-04-25,木,,,14,27,25700,7,7000,6,4800,3,2700,4,3600,3,3600,4,4000,19.5,晴一時曇,0.5,25.24,0.0,2.2,17.4,1002.9,78.0,4.9,8.3,25.8,13.8,0.0,4,3
2024-04-26,金,,,19,33,31900,10,10000,7,5600,4,3600,5,4500,6,7200,1,1000,20.3,曇,0.0,15.66,0.0,2.4,17.2,1010.8,72.0,5.2,8.5,25.1,15.1,0.0,12,4
2024-04-27,土,,,12,19,18000,6,6000,4,3200,3,2700,3,2700,2,2400,1,1000,19.5,雨後曇,0.0,8.77,0.0,1.9,18.8,1009.1,84.0,4.5,6.3,23.2,16.6,0.0,27,5
2024-04-29,月,,,7,14,13400,2,2000,3,2400,2,1800,2,1800,2,2400,3,3000,21.2,曇,0.0,18.94,0.0,3.7,19.8,1009.4,80.0,7.6,13.3,25.8,17.4,0.0,12,0
2024-04-30,火,,,10,20,19500,6,6000,3,2400,3,2700,2,1800,3,3600,3,3000,20.9,曇一時雨,2.5,11.93,0.0,2.4,20.7,1000.8,84.0,5.2,8.2,25.2,18.2,0.0,14,1
2024-05-01,水,,,3,5,4800,1,1000,1,800,1,900,1,900,1,1200,0,0,16.5,その他,26.5,2.83,0.0,3.0,17.4,1003.1,92.0,7.0,14.2,21.2,11.8,0.0,0,2
2024-05-02,木,,,11,25,23300,6,6000,7,5600,4,3600,5,4500,3,3600,0,0,15.3,晴時々曇,3.0,22.5,0.0,2.9,11.7,1013.8,70.0,5.3,11.3,21.7,10.8,0.0,10,3
2024-05-03,金,,,24,45,42700,9,9000,12,9600,6,5400,7,6300,7,8400,4,4000,17.7,快晴,0.0,28.42,0.0,2.6,12.3,1015.9,63.0,5.5,9.5,24.2,11.4,0.0,2,4
2024-05-04,土,,,15,27,25500,8,8000,7,5600,4,3600,3,2700,3,3600,2,2000,20.9,快晴,0.0,27.87,0.0,2.4,13.0,1017.2,57.0,5.5,8.5,27.8,14.8,0.0,2,5
2024-05-06,月,,,14,18,16900,5,5000,4,3200,4,3600,3,2700,2,2400,0,0,20.9,曇後一時雨,0.0,9.66,0.0,5.7,16.9,1015.2,68.0,8.3,14.9,23.6,19.1,0.0,16,0
2024-05-07,火,,,15,21,19700,5,5000,5,4000,4,3600,3,2700,2,2400,2,2000,20.0,その他,5.0,4.98,0.0,4.1,20.6,1006.3,88.0,7.5,14.0,22.2,18.6,0.0,0,1
2024-05-08,水,,,11,20,19100,5,5000,4,3200,3,2700,4,3600,3,3600,1,1000,17.8,その他,8.0,10.51,0.0,2.8,16.9,1003.7,83.0,6.0,11.9,23.8,11.4,0.0,0,2
2024-05-09,木,,,9,15,14400,3,3000,3,2400,2,1800,2,1800,2,2400,3,3000,13.7,その他,1.5,17.86,0.0,2.5,10.6,1010.8,70.0,5.8,9.2,18.9,10.2,0.0,0,3
2024-05-10,金,,,21,47,44500,10,10000,10,8000,8,7200,7,6300,5,6000,7,7000,17.5,晴,0.0,28.97,0.0,3.5,9.9,1018.0,50.0,6.9,11.6,24.4,8.7,0.0,3,4
2024-05-11,土,,,12,23,21500,4,4000,6,4800,4,3600,3,2700,2,2400,4,4000,20.3,晴,0.0,29.4,0.0,5.4,14.2,1018.7,61.0,10.1,16.9,25.9,14.1,0.0,3,5
2024-05-13,月,,,3,4,4800,1,1000,1,800,1,900,1,900,1,1200,0,0,19.3,雨,58.5,4.37,0.0,3.8,21.6,1005.8,96.0,8.2,15.2,22.0,15.4,0.0,26,0
2024-05-14,火,,,15,28,26900,7,7000,5,4000,4,3600,5,4500,4,4800,3,3000,16.9,曇後晴,0.0,22.41,0.0,2.6,13.3,1015.1,71.0,4.9,8.9,21.6,12.2,0.0,17,1
2024-05-15,水,,,8,10,9500,4,4000,2,1600,2,1800,1,900,1,1200,0,0,19.4,薄曇,1.5,24.58,0.0,2.7,16.7,1012.7,76.0,5.8,9.5,25.7,13.8,0.0,21,2
2024-05-16,木,,,6,9,8500,2,2000,2,1600,2,1800,1,900,1,1200,1,1000,18.7,その他,10.0,15.04,0.0,4.0,16.9,1002.3,79.0,9.4,18.6,25.1,14.7,0.0,0,3
2024-05-17,金,,,16,30,28600,10,10000,7,5600,5,4500,3,2700,4,4800,1,1000,20.6,晴一時薄曇,0.0,28.71,0.0,2.8,11.6,1009.2,50.0,5.9,9.2,27.2,13.4,0.0,5,4
2024-05-18,土,,,16,35,33600,7,7000,7,5600,4,3600,4,3600,4,4800,9,9000,21.9,晴後一時薄曇,0.0,28.51,0.0,2.5,15.1,1015.7,59.0,5.5,7.9,28.8,16.2,0.0,7,5
2024-05-20,月,,,5,10,9500,3,3000,2,1600,2,1800,1,900,1,1200,1,1000,17.4,雨後曇,34.0,10.05,0.0,1.9,18.2,1010.7,92.0,5.5,10.0,21.4,14.4,0.0,27,0
2024-05-21,火,,,9,16,15100,3,3000,4,3200,3,2700,2,1800,2,2400,2,2000,22.5,薄曇,0.0,22.61,0.0,2.8,19.6,1012.0,74.0,6.6,11.5,28.9,16.9,0.0,21,1
2024-05-22,水,,,14,17,16200,3,3000,4,3200,2,1800,2,1800,2,2400,4,4000,20.6,薄曇一時晴,0.0,21.43,0.0,3.5,14.7,1016.8,61.0,5.8,9.2,25.3,18.0,0.0,22,2
2024-05-23,木,,,14,18,17700,4,4000,3,2400,3,2700,2,1800,4,4800,2,2000,21.4,曇,0.0,14.11,0.0,3.0,18.9,1009.9,75.0,5.4,8.8,25.2,18.1,0.0,12,3
2024-05-24,金,,,27,48,45800,10,10000,9,7200,8,7200,6,5400,5,6000,10,10000,23.3,薄曇後一時晴,0.0,23.66,0.0,2.5,18.7,1003.3,67.0,5.9,9.7,29.0,18.1,0.0,23,4
2024-05-25,土,,,12,23,21900,6,6000,5,4000,4,3600,3,2700,3,3600,2,2000,21.4,晴時々曇,0.0,24.36,0.0,3.3,13.0,1010.6,52.0,7.1,11.0,25.8,18.3,0.0,10,5
2024-05-27,月,,,15,27,25700,7,7000,7,5600,4,3600,3,2700,4,4800,2,2000,22.3,曇時々雨,0.0,7.17,0.0,4.3,22.5,1003.6,84.0,7.6,13.2,25.1,20.3,0.0,20,0
2024-05-28,火,,,7,9,8500,2,2000,2,1600,2,1800,1,900,1,1200,1,1000,24.0,雨時々曇,19.0,8.07,0.0,5.2,27.2,997.7,91.0,10.2,22.4,25.9,22.4,0.0,28,1
2024-05-29,水,,,14,28,26900,7,7000,5,4000,4,3600,3,2700,3,3600,6,6000,22.0,曇後晴,0.5,23.74,0.0,3.7,18.7,1003.7,71.0,7.1,13.0,25.8,18.8,0.0,17,2
2024-05-30,木,,,17,31,29400,6,6000,7,5600,5,4500,5,4500,4,4800,4,4000,22.5,晴後曇,0.0,19.21,0.0,3.0,19.8,1012.0,73.0,5.9,9.5,27.3,17.5,0.0,8,3
2024-05-31,金,,,7,17,16200,4,4000,3,2400,3,2700,3,2700,2,2400,2,2000,19.0,雨後曇,34.0,7.14,0.0,2.1,19.7,1005.9,90.0,4.8,7.9,21.7,16.6,0.0,27,4
2024-06-01,土,,,13,21,20200,6,6000,4,3200,3,2700,3,2700,3,3600,2,2000,20.9,曇,0.0,22.22,0.0,2.6,18.1,1005.8,75.0,6.4,9.8,26.3,17.4,0.0,12,5
2024-06-03,月,,,2,4,4800,1,1000,1,800,1,900,1,900,1,1200,0,0,18.3,その他,25.5,13.01,0.0,2.2,18.2,1004.9,88.0,4.8,9.1,24.3,15.0,0.0,0,0
2024-06-04,火,,,10,18,17100,4,4000,4,3200,3,2700,2,1800,2,2400,3,3000,19.5,晴,0.0,22.0,0.0,2.5,16.6,1008.7,75.0,5.5,9.8,25.5,14.8,0.0,3,1
2024-06-05,水,,,18,24,22400,5,5000,6,4800,5,4500,3,2700,2,2400,3,3000,21.4,快晴,0.0,28.99,0.0,2.7,16.0,1014.4,64.0,8.0,13.3,27.4,16.4,0.0,2,2
2024-06-06,木,,,15,27,26000,7,7000,5,4000,5,4500,3,2700,4,4800,3,3000,22.0,曇,0.0,15.79,0.0,3.0,19.0,1016.6,72.0,7.0,10.9,27.0,18.1,0.0,12,3
2024-06-07,金,,,28,66,62900,20,20000,14,11200,9,8100,10,9000,8,9600,5,5000,22.1,晴時々曇,0.0,19.64,0.0,2.7,17.8,1014.9,67.0,5.6,9.3,26.7,18.1,0.0,10,4
2024-06-08,土,,,19,29,27300,6,6000,7,5600,4,3600,5,4500,3,3600,4,4000,22.8,晴後薄曇,0.0,29.16,0.0,2.7,17.8,1013.8,66.0,6.2,9.6,28.2,17.4,0.0,9,5
2024-06-10,月,,,9,13,12200,3,3000,3,2400,2,1800,2,1800,1,1200,2,2000,20.7,曇時々雨,17.0,11.06,0.0,2.4,20.6,1007.2,85.0,4.3,8.6,24.7,17.4,0.0,20,0
2024-06-11,火,,,18,24,22800,5,5000,6,4800,4,3600,2,1800,3,3600,4,4000,24.0,晴時々薄曇,0.0,27.88,0.0,3.2,21.4,1006.8,73.0,6.2,10.3,29.0,19.5,0.0,11,1
2024-06-12,水,,,8,13,12400,3,3000,3,2400,2,1800,2,1800,2,2400,1,1000,24.6,薄曇後晴,0.0,25.39,0.0,3.1,22.4,1005.8,74.0,5.8,9.5,30.1,20.0,0.0,24,2
2024-06-13,木,,,15,23,22000,6,6000,5,4000,3,2700,3,2700,3,3600,3,3000,22.6,曇後一時晴,0.0,7.6,0.0,2.0,22.3,1002.6,81.0,4.7,6.5,25.4,20.0,0.0,15,3
2024-06-14,金,,,18,36,33000,7,7000,10,8000,7,6300,7,6300,2,2400,3,3000,25.9,快晴,0.0,28.7,0.0,2.7,21.7,1005.2,67.0,6.5,9.2,31.7,19.5,0.0,2,4
2024-06-15,土,,,12,25,23900,7,7000,5,4000,3,2700,4,3600,3,3600,3,3000,24.8,薄曇,0.5,25.18,0.0,2.8,22.9,1005.4,75.0,6.6,9.7,29.9,20.9,0.0,21,5
2024-06-17,月,,,21,42,39200,8,8000,10,8000,5,4500,9,8100,3,3600,7,7000,26.0,曇,0.0,14.89,0.0,2.1,25.1,1004.8,75.0,5.5,8.1,30.5,22.5,0.0,12,0
2024-06-18,火,,,4,6,5800,2,2000,1,800,1,900,1,900,1,1200,0,0,19.2,大雨,98.0,1.62,0.0,2.0,22.2,1004.0,100.0,4.1,7.1,22.5,18.0,0.0,1,1
2024-06-19,水,,,16,20,19000,4,4000,4,3200,3,2700,3,2700,2,2400,4,4000,23.5,晴,0.0,29.75,0.0,2.7,20.2,1006.0,72.0,6.4,10.3,29.5,17.2,0.0,3,2
2024-06-20,木,,,15,28,26300,8,8000,6,4800,5,4500,6,5400,3,3600,0,0,24.4,薄曇,0.0,19.52,0.0,3.2,22.6,1007.8,75.0,6.5,11.4,28.4,20.8,0.0,21,3
2024-06-21,金,,,3,5,4800,1,1000,1,800,1,900,1,900,1,1200,0,0,20.1,大雨,44.0,2.74,0.0,2.8,22.0,1003.4,94.0,5.3,9.4,23.3,17.3,0.0,1,4
2024-06-22,土,,,11,18,17300,4,4000,4,3200,3,2700,2,1800,3,3600,2,2000,23.9,薄曇時々晴,0.0,22.82,0.0,3.3,19.4,1004.9,67.0,6.2,13.2,30.0,16.8,0.0,25,5
2024-06-24,月,,,17,25,23100,4,4000,8,6400,6,5400,3,2700,3,3600,1,1000,26.7,晴時々薄曇,0.0,23.07,0.0,2.1,27.7,998.6,81.0,4.9,7.2,33.4,21.0,0.0,11,0
2024-06-25,火,,,14,27,25300,5,5000,7,5600,4,3600,5,4500,3,3600,3,3000,27.8,曇,0.0,15.79,0.0,2.0,28.1,1003.4,76.0,5.5,8.0,31.8,24.5,0.0,12,1
2024-06-26,水,,,18,23,21500,4,4000,6,4800,3,2700,4,3600,2,2400,4,4000,26.9,曇,0.0,14.45,0.0,2.6,25.7,1008.3,73.0,6.5,10.1,31.4,24.6,0.0,12,2
2024-06-27,木,,,18,22,20600,4,4000,6,4800,3,2700,3,2700,2,2400,4,4000,25.4,曇一時晴,0.0,18.91,0.0,3.2,22.5,1011.9,70.0,6.8,10.4,29.8,23.0,0.0,13,3
2024-06-28,金,,,5,12,11300,3,3000,3,2400,2,1800,1,900,1,1200,2,2000,22.0,大雨,82.5,3.6,0.0,1.9,25.9,1007.8,98.0,6.0,10.2,23.8,20.0,0.0,1,4
2024-06-29,土,,,11,23,22100,6,6000,4,3200,3,2700,4,3600,3,3600,3,3000,23.7,曇後晴,0.0,14.62,0.0,2.0,25.2,1007.3,87.0,3.9,6.2,29.0,20.7,0.0,17,5
2024-07-01,月,,,10,15,13800,3,3000,4,3200,3,2700,3,2700,1,1200,1,1000,26.3,その他,12.5,7.81,0.0,4.8,30.5,998.8,89.0,8.9,19.3,29.4,24.6,0.0,0,0
2024-07-02,火,,,13,23,21400,4,4000,6,4800,4,3600,4,3600,2,2400,3,3000,27.3,曇,0.0,14.64,0.0,2.3,29.0,1005.5,80.0,4.9,8.8,31.4,24.1,0.0,12,1
2024-07-03,水,,,25,42,39500,7,7000,10,8000,6,5400,7,6300,4,4800,8,8000,27.7,薄曇時々晴,0.0,22.13,0.0,2.6,28.3,1008.4,77.0,5.3,8.5,33.3,23.6,0.0,25,2
2024-07-04,木,,,20,32,30100,6,6000,7,5600,5,4500,6,5400,3,3600,5,5000,29.3,晴後一時曇,0.0,22.89,0.0,2.7,30.2,1002.8,75.0,6.6,10.4,35.0,25.0,0.0,6,3
2024-07-05,金,,,30,65,60400,11,11000,17,13600,10,9000,14,12600,6,7200,7,7000,30.2,快晴,0.0,27.73,0.0,2.7,29.8,1002.5,70.0,6.2,8.5,35.5,26.2,0.0,2,4
2024-07-06,土,,,3,5,4600,1,1000,1,800,1,900,1,900,0,0,1,1000,28.1,その他,36.0,19.5,0.0,2.1,31.6,1004.5,84.0,6.1,10.3,34.2,23.9,0.0,0,5
2024-07-08,月,,,23,43,39500,8,8000,13,10400,6,5400,9,8100,3,3600,4,4000,30.9,薄曇後晴,0.0,25.63,0.0,2.3,32.1,1001.0,73.0,5.2,7.1,36.0,26.1,0.0,24,0
2024-07-09,火,,,15,20,18700,4,4000,5,4000,3,2700,4,3600,2,2400,2,2000,30.1,その他,0.0,17.22,0.0,2.8,30.2,1001.1,72.0,7.8,12.7,34.5,26.2,0.0,0,1
2024-07-10,水,,,19,29,26800,5,5000,9,7200,5,4500,5,4500,3,3600,2,2000,29.5,曇,0.0,15.88,0.0,3.7,28.9,1001.1,70.0,8.8,14.7,33.7,26.6,0.0,12,2
2024-07-11,木,,,10,19,17600,5,5000,5,4000,3,2700,3,2700,1,1200,2,2000,27.8,曇時々雨,0.5,7.99,0.0,4.0,28.9,997.2,77.0,8.6,16.0,29.6,26.1,0.0,20,3
2024-07-12,金,,,10,21,20000,5,5000,4,3200,5,4500,3,2700,3,3600,1,1000,24.4,雨,13.5,5.25,0.0,1.8,28.3,999.8,93.0,4.9,8.4,26.9,22.4,0.0,26,4
2024-07-13,土,,,14,29,27500,7,7000,6,4800,4,3600,5,4500,3,3600,4,4000,26.2,その他,0.0,21.22,0.0,2.7,27.4,1006.4,82.0,5.9,9.3,31.3,22.5,0.0,0,5
2024-07-15,月,,,18,26,23700,6,6000,9,7200,5,4500,4,3600,2,2400,0,0,24.6,曇一時雨,0.5,7.37,0.0,2.4,27.1,1012.6,87.0,4.6,7.2,27.7,23.2,0.0,14,0
2024-07-16,火,,,5,6,5800,1,1000,1,800,1,900,1,900,1,1200,1,1000,23.9,雨時々曇,11.5,7.03,0.0,1.8,26.7,1013.4,90.0,3.3,6.0,27.3,22.2,0.0,28,1
2024-07-17,水,,,12,15,13900,3,3000,4,3200,2,1800,3,2700,1,1200,2,2000,25.8,曇,1.0,16.18,0.0,1.7,28.7,1009.7,87.0,4.1,8.1,31.3,22.1,0.0,12,2
2024-07-18,木,,,23,45,41800,8,8000,12,9600,7,6300,7,6300,3,3600,8,8000,28.4,薄曇後一時晴,0.0,23.01,0.0,2.3,29.7,1008.5,77.0,5.1,8.2,33.4,24.4,0.0,23,3
2024-07-19,金,,,17,37,34100,6,6000,12,9600,5,4500,6,5400,3,3600,5,5000,30.0,曇後一時晴,0.0,20.12,0.0,3.0,30.5,1006.3,72.0,5.4,8.8,34.5,26.0,0.0,15,4
2024-07-20,土,,,5,12,11200,2,2000,3,2400,2,1800,2,1800,1,1200,2,2000,30.7,晴後曇,45.0,23.58,0.0,2.6,33.0,1006.0,76.0,5.5,8.5,35.8,25.0,0.0,8,5
2024-07-22,月,,,18,29,27100,5,5000,8,6400,4,3600,7,6300,4,4800,1,1000,30.5,その他,9.5,24.57,0.0,2.6,32.0,1005.7,75.0,6.8,12.8,36.6,24.8,0.0,0,0
2024-07-23,火,,,16,25,24500,6,6000,7,5600,5,4500,4,3600,4,4800,0,0,29.5,快晴,0.0,27.04,0.0,2.9,33.1,1004.6,82.0,6.4,9.1,34.5,24.2,0.0,2,1
2024-07-24,水,,,17,29,27400,6,6000,7,5600,4,3600,4,3600,3,3600,5,5000,30.1,その他,0.0,18.43,0.0,2.2,29.4,1002.8,69.0,10.7,21.1,36.0,24.9,0.0,0,2
2024-07-25,木,,,10,20,18700,5,5000,5,4000,2,1800,3,2700,1,1200,4,4000,30.2,その他,0.5,20.44,0.0,2.4,30.8,1005.6,72.0,5.6,7.9,34.8,27.0,0.0,0,3
2024-07-26,金,,,23,57,52800,10,10000,15,12000,10,9000,12,10800,5,6000,5,5000,30.1,薄曇,0.0,22.95,0.0,2.4,30.8,1011.8,73.0,5.3,8.5,35.6,26.1,0.0,21,4
2024-07-27,土,,,14,24,22500,5,5000,5,4000,4,3600,5,4500,2,2400,3,3000,30.3,その他,0.5,21.32,0.0,1.9,32.5,1014.3,76.0,4.1,6.6,35.6,26.7,0.0,0,5
2024-07-29,月,,,18,28,26000,6,6000,8,6400,4,3600,6,5400,3,3600,1,1000,32.3,薄曇後一時晴,0.0,25.36,0.0,3.1,29.3,1001.6,61.0,7.7,13.1,37.3,29.3,0.0,23,0
2024-07-30,火,,,13,21,19700,4,4000,5,4000,3,2700,4,3600,2,2400,3,3000,30.8,その他,0.5,11.32,0.0,2.3,29.9,998.2,68.0,5.1,8.6,36.1,27.8,0.0,0,1
2024-07-31,水,,,10,14,13000,3,3000,4,3200,2,1800,2,1800,1,1200,2,2000,29.4,曇後一時雨,42.5,18.18,0.0,2.7,31.0,1000.7,77.0,8.2,12.8,35.6,24.6,0.0,16,2
2024-08-01,木,,,13,26,24400,5,5000,6,4800,4,3600,4,3600,2,2400,5,5000,28.5,薄曇一時晴,0.0,22.26,0.0,2.4,28.3,1003.3,74.0,4.6,9.5,33.5,24.5,0.0,22,3
2024-08-02,金,,,28,50,45300,8,8000,17,13600,11,9900,8,7200,3,3600,3,3000,28.7,曇後晴,0.0,17.56,0.0,2.6,29.0,1004.1,74.0,5.5,8.9,33.9,25.4,0.0,17,4
2024-08-03,土,,,12,24,22700,4,4000,6,4800,4,3600,3,2700,3,3600,4,4000,29.4,晴一時曇,0.0,23.2,0.0,2.6,29.7,1005.5,73.0,4.7,7.1,34.6,26.0,0.0,4,5
2024-08-05,月,,,12,21,19700,4,4000,5,4000,4,3600,3,2700,2,2400,3,3000,30.0,薄曇一時晴,0.0,21.54,0.0,2.6,30.2,1004.7,72.0,5.9,9.4,35.0,26.1,0.0,22,0
2024-08-06,火,,,18,28,26300,5,5000,7,5600,4,3600,5,4500,3,3600,4,4000,29.9,曇,0.0,13.78,0.0,2.3,31.1,1004.0,74.0,3.9,7.2,33.5,26.6,0.0,12,1
2024-08-07,水,,,6,11,10200,2,2000,3,2400,2,1800,2,1800,1,1200,1,1000,28.9,薄曇後一時晴,76.5,15.75,0.0,2.6,31.6,1001.9,80.0,6.6,10.1,34.6,23.9,0.0,23,2
2024-08-08,木,,,18,30,27900,5,5000,9,7200,6,5400,5,4500,4,4800,1,1000,28.1,晴時々曇,0.0,13.84,0.0,2.2,32.8,1000.9,87.0,5.3,8.2,33.9,24.4,0.0,10,3
2024-08-09,金,,,23,44,41100,9,9000,12,9600,6,5400,7,6300,4,4800,6,6000,30.0,晴一時曇,0.0,21.74,0.0,2.7,30.9,999.2,74.0,5.6,9.4,35.3,26.6,0.0,4,4
2024-08-10,土,,,14,28,26100,6,6000,7,5600,6,5400,5,4500,3,3600,1,1000,30.0,晴後薄曇,0.0,23.18,0.0,2.7,28.9,997.8,69.0,5.3,11.0,34.9,26.8,0.0,9,5
2024-08-12,月,,,11,24,22200,5,5000,8,6400,3,2700,3,2700,2,2400,3,3000,31.2,晴,0.0,24.42,0.0,3.9,31.8,998.4,70.0,7.2,13.1,35.5,28.3,0.0,3,0
2024-08-13,火,,,13,28,26400,5,5000,6,4800,5,4500,5,4500,3,3600,4,4000,30.8,晴,0.0,21.97,0.0,3.6,32.2,1003.9,73.0,6.0,10.3,34.9,27.7,0.0,3,1
2024-08-14,水,,,11,17,15800,3,3000,5,4000,3,2700,3,2700,2,2400,1,1000,30.4,晴,0.0,16.32,0.0,2.7,31.7,1004.9,74.0,6.7,10.1,34.7,27.4,0.0,3,2
2024-08-15,木,,,16,24,22200,5,5000,7,5600,4,3600,4,3600,2,2400,2,2000,30.3,晴時々薄曇,0.0,19.2,0.0,2.7,32.1,1004.3,75.0,6.3,10.3,35.7,26.8,0.0,11,3
2024-08-16,金,,,3,6,5600,1,1000,2,1600,1,900,1,900,1,1200,0,0,26.7,その他,90.0,4.21,0.0,4.2,33.4,999.7,95.0,7.3,16.3,29.1,25.2,0.0,0,4
2024-08-17,土,,,10,22,20300,4,4000,6,4800,3,2700,4,3600,1,1200,4,4000,30.4,その他,0.0,19.05,0.0,2.7,31.8,1002.4,74.0,5.4,10.8,35.9,25.4,0.0,0,5
2024-08-19,月,,,10,16,15100,3,3000,4,3200,3,2700,2,1800,2,2400,2,2000,29.2,曇時々晴,22.0,18.1,0.0,2.4,33.2,1009.1,83.0,9.5,18.8,34.5,23.3,0.0,19,0
2024-08-20,火,,,21,37,34800,7,7000,10,8000,5,4500,5,4500,4,4800,6,6000,28.3,その他,0.5,19.91,0.0,2.4,30.5,1010.2,81.0,6.1,9.6,34.7,23.5,0.0,0,1
2024-08-21,水,,,4,7,6600,1,1000,2,1600,1,900,1,900,1,1200,1,1000,28.3,曇時々晴,21.0,15.96,0.0,2.8,31.5,1010.0,83.0,7.0,11.5,33.6,24.6,0.0,19,2
2024-08-22,木,,,16,21,19600,5,5000,6,4800,3,2700,3,2700,2,2400,2,2000,27.5,その他,16.0,10.7,0.0,3.1,33.3,1009.8,91.0,6.2,9.9,30.5,25.1,0.0,0,3
2024-08-23,金,,,21,45,41900,12,12000,12,9600,7,6300,8,7200,4,4800,2,2000,28.9,曇後晴,0.0,15.72,0.0,4.0,32.9,1009.3,83.0,6.5,11.1,32.3,27.0,0.0,17,4
2024-08-24,土,,,9,22,20500,5,5000,5,4000,4,3600,3,2700,1,1200,4,4000,29.4,晴時々曇,1.0,20.21,0.0,3.2,32.7,1009.0,80.0,6.4,11.0,34.4,25.4,0.0,10,5
2024-08-26,月,,,13,23,21800,5,5000,6,4800,3,2700,3,2700,3,3600,3,3000,29.2,晴後一時薄曇,0.0,22.3,0.0,4.4,30.7,1009.4,76.0,7.7,12.4,33.6,25.9,0.0,7,0
2024-08-27,火,,,5,7,6600,1,1000,2,1600,1,900,1,900,1,1200,1,1000,27.7,曇時々雨,30.0,15.11,0.0,4.7,31.7,1009.2,85.0,8.1,13.5,31.5,24.5,0.0,20,1
2024-08-28,水,,,11,20,18800,4,4000,5,4000,3,2700,3,2700,2,2400,3,3000,28.0,曇,0.0,13.2,0.0,3.5,30.7,1009.2,82.0,6.1,10.0,31.4,26.2,0.0,12,2
2024-08-29,木,,,7,11,10200,2,2000,3,2400,2,1800,2,1800,1,1200,1,1000,27.1,その他,23.0,10.52,0.0,2.7,31.7,1008.9,89.0,5.4,11.7,31.4,25.4,0.0,0,3
2024-08-30,金,,,6,12,11200,2,2000,3,2400,2,1800,2,1800,1,1200,2,2000,26.0,その他,84.0,2.72,0.0,3.2,33.4,1004.5,99.0,7.5,13.0,27.6,25.0,0.0,0,4
2024-08-31,土,,,4,8,7500,2,2000,2,1600,1,900,2,1800,1,1200,0,0,27.1,曇時々雨,15.5,11.15,0.0,3.6,34.2,1001.6,95.0,7.4,11.8,31.1,24.7,0.0,20,5
2024-09-02,月,,,17,28,25900,6,6000,7,5600,5,4500,6,5400,2,2400,2,2000,29.3,晴,0.0,22.33,0.0,4.9,32.3,1005.9,80.0,9.0,13.8,34.1,25.4,0.0,3,0
2024-09-03,火,,,11,13,12200,2,2000,3,2400,2,1800,2,1800,1,1200,3,3000,24.9,曇時々雨,9.5,5.22,0.0,2.8,27.8,1008.0,88.0,5.9,10.8,27.4,23.3,0.0,20,1
2024-09-04,水,,,18,32,29900,6,6000,9,7200,4,3600,5,4500,3,3600,5,5000,25.4,晴時々曇,0.0,17.52,0.0,2.9,24.4,1007.8,76.0,5.1,9.6,30.0,22.8,0.0,10,2
2024-09-05,木,,,14,21,19900,5,5000,4,3200,3,2700,4,3600,2,2400,3,3000,26.7,晴,0.0,19.13,0.0,2.5,26.5,1006.4,76.0,4.8,7.4,31.8,22.4,0.0,3,3
2024-09-06,金,,,29,55,51200,12,12000,13,10400,8,7200,10,9000,3,3600,9,9000,28.3,晴一時薄曇,0.0,20.85,0.0,2.2,29.6,1007.8,78.0,4.6,7.5,33.5,24.6,0.0,5,4
2024-09-07,土,,,17,36,33700,6,6000,10,8000,6,5400,5,4500,4,4800,5,5000,28.7,晴後一時薄曇,0.0,18.43,0.0,2.5,31.1,1010.7,80.0,6.0,9.7,33.8,25.8,0.0,7,5
2024-09-09,月,,,13,22,20600,5,5000,6,4800,4,3600,4,3600,3,3600,0,0,28.3,晴,2.5,15.48,0.0,2.6,30.5,1013.0,80.0,7.2,11.8,33.7,25.2,0.0,3,0
2024-09-10,火,,,19,26,24500,6,6000,6,4800,5,4500,4,3600,3,3600,2,2000,28.6,晴,0.0,20.13,0.0,2.8,31.5,1015.1,82.0,5.8,8.9,33.7,24.5,0.0,3,1
2024-09-11,水,,,17,26,24900,5,5000,8,6400,5,4500,6,5400,3,3600,0,0,29.6,晴,0.0,20.12,0.0,3.0,32.4,1014.9,79.0,6.7,10.1,34.2,26.3,0.0,3,2
2024-09-12,木,,,14,31,28800,6,6000,7,5600,5,4500,7,6300,2,2400,4,4000,29.6,晴,0.0,16.87,0.0,3.1,32.4,1012.2,79.0,6.2,10.1,34.5,26.8,0.0,3,3
2024-09-13,金,,,20,37,34500,7,7000,10,8000,6,5400,5,4500,3,3600,6,6000,29.6,晴,0.0,17.44,0.0,3.8,30.2,1007.2,73.0,6.2,10.6,33.9,26.5,0.0,3,4
2024-09-14,土,,,10,22,20400,4,4000,6,4800,4,3600,4,3600,2,2400,2,2000,29.5,晴,0.0,19.52,0.0,4.4,30.4,1007.0,74.0,7.8,13.7,34.5,26.3,0.0,3,5
2024-09-16,月,,,13,26,24600,5,5000,6,4800,4,3600,4,3600,3,3600,4,4000,25.7,曇一時雨,2.0,5.23,0.0,2.6,29.4,1014.7,89.0,4.7,8.3,28.3,23.9,0.0,14,0
2024-09-17,火,,,18,22,20900,6,6000,5,4000,3,2700,2,1800,2,2400,4,4000,27.7,晴一時曇,0.0,18.67,0.0,2.5,29.3,1012.5,79.0,5.9,8.7,33.4,23.3,0.0,4,1
2024-09-18,水,,,8,16,14800,3,3000,4,3200,3,2700,3,2700,1,1200,2,2000,28.8,その他,2.5,14.78,0.0,2.2,32.0,1011.2,82.0,4.6,8.5,35.1,24.8,0.0,0,2
2024-09-19,木,,,14,23,21200,4,4000,7,5600,4,3600,4,3600,2,2400,2,2000,27.7,その他,0.0,12.69,0.0,1.7,30.8,1012.5,84.0,4.0,6.7,33.6,24.7,0.0,0,3
2024-09-20,金,,,24,42,39000,7,7000,10,8000,9,8100,7,6300,3,3600,6,6000,29.4,晴後一時薄曇,0.0,13.71,0.0,2.2,31.3,1009.0,77.0,4.8,8.6,33.9,25.5,0.0,7,4
2024-09-21,土,,,16,24,22200,4,4000,6,4800,6,5400,4,3600,2,2400,2,2000,28.5,薄曇,0.0,10.98,0.0,3.3,29.3,1005.4,76.0,5.9,11.6,32.6,24.0,0.0,21,5
2024-09-23,月,,,10,19,18200,4,4000,4,3200,3,2700,3,2700,3,3600,2,2000,22.6,その他,8.0,14.02,0.0,3.5,21.3,1010.6,79.0,6.1,14.5,27.7,19.7,0.0,0,0
2024-09-24,火,,,17,28,26500,7,7000,7,5600,4,3600,3,2700,3,3600,4,4000,20.9,晴時々曇,0.0,13.23,0.0,3.1,16.7,1016.7,68.0,5.3,10.7,25.3,17.7,0.0,10,1
2024-09-25,水,,,8,13,12600,3,3000,2,1600,2,1800,2,1800,2,2400,2,2000,20.4,曇時々雨,4.5,8.44,0.0,2.9,19.7,1013.8,82.0,4.9,11.1,23.7,17.9,0.0,20,2
2024-09-26,木,,,17,23,21600,7,7000,6,4800,4,3600,2,1800,2,2400,2,2000,24.1,晴時々曇,0.5,14.0,0.0,2.5,24.2,1011.0,82.0,5.5,8.4,29.1,19.4,0.0,10,3
2024-09-27,金,,,18,33,31600,7,7000,8,6400,4,3600,4,3600,5,6000,5,5000,23.3,雨時々曇,8.0,3.27,0.0,2.1,27.3,1009.6,95.0,4.7,7.6,24.8,22.4,0.0,28,4
2024-09-28,土,,,15,32,30700,8,8000,6,4800,6,5400,5,4500,5,6000,2,2000,24.0,曇,0.0,9.26,0.0,2.1,24.8,1012.2,84.0,3.9,7.7,27.4,21.8,0.0,12,5
2024-09-30,月,,,10,16,15300,5,5000,3,2400,3,2700,2,1800,2,2400,1,1000,22.7,曇時々雨,0.0,7.82,0.0,2.1,20.8,1014.8,76.0,3.8,6.6,25.3,20.5,0.0,20,0
2024-10-01,火,,,10,16,15200,4,4000,4,3200,2,1800,2,1800,2,2400,2,2000,23.3,曇一時雨,0.5,11.45,0.0,2.6,23.4,1006.0,81.0,6.2,10.5,26.6,20.1,0.0,14,1
2024-10-02,水,,,18,31,29400,6,6000,7,5600,4,3600,4,3600,3,3600,7,7000,26.5,晴時々薄曇,0.0,18.32,0.0,2.9,26.0,1007.9,77.0,7.0,12.5,31.9,22.0,0.0,11,2
2024-10-03,木,,,10,17,16000,3,3000,5,4000,2,1800,2,1800,2,2400,3,3000,23.1,曇時々雨,11.0,5.88,0.0,2.7,24.6,1015.9,87.0,5.9,9.7,25.4,21.6,0.0,20,3
2024-10-04,金,,,14,27,25000,5,5000,7,5600,5,4500,5,4500,2,2400,3,3000,25.9,曇一時雨,2.0,12.6,0.0,3.5,28.6,1015.4,87.0,7.1,16.6,30.4,22.3,0.0,14,4
2024-10-05,土,,,8,15,14300,3,3000,3,2400,3,2700,2,1800,2,2400,2,2000,21.3,その他,9.5,1.88,0.0,2.5,23.9,1018.4,94.0,4.9,9.2,24.5,18.9,0.0,0,5
2024-10-07,月,,,15,29,27100,4,4000,7,5600,4,3600,5,4500,2,2400,7,7000,25.0,晴時々曇,0.0,14.99,0.0,2.9,26.0,1008.9,83.0,7.3,12.3,29.9,20.7,0.0,10,0
2024-10-08,火,,,5,9,8500,2,2000,2,1600,2,1800,1,900,1,1200,1,1000,18.8,雨,33.5,1.98,0.0,3.0,21.3,1008.9,97.0,5.4,9.6,25.3,15.1,0.0,26,1
2024-10-09,水,,,3,5,4800,1,1000,1,800,1,900,1,900,1,1200,0,0,16.0,その他,53.5,3.58,0.0,2.9,16.9,1009.3,93.0,4.7,10.9,17.7,14.9,0.0,0,2
2024-10-10,木,,,8,12,11200,3,3000,3,2400,2,1800,2,1800,1,1200,1,1000,17.8,曇,0.0,7.52,0.0,2.6,15.4,1009.8,75.0,4.1,8.8,22.1,15.2,0.0,12,3
2024-10-11,金,,,17,33,31000,7,7000,8,6400,5,4500,5,4500,3,3600,5,5000,19.0,薄曇,0.0,16.14,0.0,1.9,15.1,1013.1,69.0,4.7,8.2,24.3,14.3,0.0,21,4
2024-10-12,土,,,17,32,30400,8,8000,6,4800,6,5400,6,5400,4,4800,2,2000,20.6,晴,0.0,16.44,0.0,1.9,17.4,1019.0,73.0,3.9,7.8,25.8,16.4,0.0,3,5
2024-10-14,月,,,12,22,20900,6,6000,4,3200,4,3600,3,2700,2,2400,3,3000,20.8,晴,0.0,16.02,0.0,2.3,17.4,1022.6,71.0,4.2,8.0,26.4,16.8,0.0,3,0
2024-10-15,火,,,14,21,19600,6,6000,6,4800,3,2700,3,2700,2,2400,1,1000,22.1,晴,0.0,16.53,0.0,2.2,18.9,1020.3,72.0,4.4,6.6,26.6,17.9,0.0,3,1
2024-10-16,水,,,17,22,21000,4,4000,5,4000,3,2700,3,2700,3,3600,4,4000,22.6,曇,0.0,8.5,0.0,1.5,20.6,1017.3,76.0,2.7,4.8,26.4,19.0,0.0,12,2
2024-10-17,木,,,12,22,21100,5,5000,5,4000,3,2700,2,1800,3,3600,4,4000,22.8,曇一時雨,0.0,8.1,0.0,2.3,22.0,1020.0,79.0,4.5,7.9,26.0,20.7,0.0,14,3
2024-10-18,金,,,14,24,22600,5,5000,5,4000,4,3600,4,3600,2,2400,4,4000,21.6,曇時々雨,2.0,3.27,0.0,1.8,23.8,1019.5,92.0,3.1,6.1,22.9,20.5,0.0,20,4
2024-10-19,土,,,9,16,14900,3,3000,4,3200,2,1800,3,2700,1,1200,3,3000,24.2,曇,1.5,11.29,0.0,2.7,25.1,1009.2,84.0,5.7,11.1,30.1,21.2,0.0,12,5
2024-10-21,月,,,10,13,12200,3,3000,3,2400,2,1800,2,1800,1,1200,2,2000,16.2,晴時々曇,0.0,12.31,0.0,2.7,11.2,1029.2,61.0,5.3,8.2,20.5,11.5,0.0,10,0
2024-10-22,火,,,18,31,29300,6,6000,7,5600,5,4500,6,5400,4,4800,3,3000,19.7,晴時々曇,0.0,12.02,0.0,1.9,16.0,1022.1,69.0,4.4,7.9,24.4,14.5,0.0,10,1
2024-10-23,水,,,15,23,21700,5,5000,5,4000,4,3600,3,2700,2,2400,4,4000,21.9,曇時々雨,6.5,4.24,0.0,2.3,23.8,1012.3,90.0,6.8,11.6,24.8,18.8,0.0,20,2
2024-10-24,木,,,13,17,16300,3,3000,3,2400,2,1800,3,2700,2,2400,4,4000,22.6,曇一時晴,0.0,9.18,0.0,2.2,21.5,1013.5,79.0,4.5,7.5,26.3,19.8,0.0,13,3
2024-10-25,金,,,19,42,40300,9,9000,10,8000,7,6300,4,3600,7,8400,5,5000,20.2,曇一時雨,0.5,3.61,0.0,2.4,18.2,1021.1,77.0,4.2,7.8,21.8,18.3,0.0,14,4
2024-10-26,土,,,13,26,24800,6,6000,6,4800,5,4500,3,2700,4,4800,2,2000,19.0,曇,0.0,3.9,0.0,1.7,17.6,1019.1,80.0,3.0,5.3,20.7,17.2,0.0,12,5
2024-10-28,月,,,8,12,11000,3,3000,4,3200,2,1800,2,1800,1,1200,0,0,18.8,曇一時雨,8.0,3.54,0.0,1.9,18.8,1006.4,87.0,3.4,6.5,20.7,17.2,0.0,14,0
2024-10-29,火,,,4,6,5800,1,1000,1,800,1,900,1,900,1,1200,1,1000,15.4,曇後雨,24.5,2.79,0.0,2.9,13.7,1017.4,79.0,5.8,9.7,18.8,12.4,0.0,18,1
2024-10-30,水,,,4,6,5800,1,1000,1,800,1,900,1,900,1,1200,1,1000,16.8,その他,17.5,9.07,0.0,3.2,14.8,1012.4,79.0,7.0,15.4,22.4,12.6,0.0,0,2
2024-10-31,木,,,14,19,17800,5,5000,6,4800,2,1800,2,1800,2,2400,2,2000,16.2,薄曇,0.0,11.86,0.0,2.0,11.8,1021.9,65.0,3.8,7.1,20.2,12.9,0.0,21,3
2024-11-01,金,,,23,49,45700,11,11000,14,11200,9,8100,8,7200,6,7200,1,1000,17.0,曇一時晴,0.5,9.25,0.0,1.4,14.6,1020.8,76.0,3.6,5.4,21.9,12.1,0.0,13,4
2024-11-02,土,,,3,5,4800,1,1000,1,800,1,900,1,900,1,1200,0,0,16.0,雨,33.5,1.62,0.0,1.9,18.0,1009.9,99.0,4.2,8.4,16.9,14.9,0.0,26,5
2024-11-04,月,,,16,21,19800,6,6000,6,4800,3,2700,3,2700,3,3600,0,0,17.2,晴,0.0,13.32,0.0,2.4,13.9,1016.8,71.0,5.9,10.5,22.9,11.4,0.0,3,0
2024-11-05,火,,,19,28,26800,6,6000,5,4000,4,3600,4,3600,3,3600,6,6000,16.6,曇一時晴,0.0,8.28,0.0,2.3,13.7,1013.4,73.0,5.3,9.3,19.6,13.5,0.0,13,1
2024-11-06,水,,,11,19,18300,5,5000,4,3200,3,2700,2,1800,3,3600,2,2000,14.4,曇後一時晴,0.5,5.48,0.0,2.1,11.7,1012.6,71.0,4.0,8.3,16.5,12.2,0.0,15,2
2024-11-07,木,,,16,31,30100,8,8000,5,4000,4,3600,5,4500,5,6000,4,4000,13.4,快晴,0.0,14.46,0.0,3.8,7.9,1019.9,52.0,8.3,15.4,18.0,10.7,0.0,2,3
2024-11-08,金,,,15,30,28700,7,7000,8,6400,4,3600,5,4500,6,7200,0,0,11.8,晴一時曇,0.0,11.82,0.0,2.1,7.8,1025.7,57.0,4.0,8.0,15.8,8.2,0.0,4,4
2024-11-09,土,,,14,28,27100,7,7000,6,4800,5,4500,4,3600,6,7200,0,0,12.7,その他,0.0,12.22,0.0,2.2,9.1,1025.8,63.0,4.1,7.6,17.5,7.8,0.0,0,5
2024-11-11,月,,,11,22,21100,6,6000,4,3200,4,3600,3,2700,3,3600,2,2000,16.3,曇時々晴,0.5,6.51,0.0,1.6,15.8,1013.0,85.0,3.3,5.0,20.7,13.2,0.0,19,0
2024-11-12,火,,,17,31,30500,8,8000,9,7200,5,4500,4,3600,6,7200,0,0,16.3,晴時々曇,0.0,9.89,0.0,1.5,14.2,1012.5,77.0,4.3,8.4,21.3,11.8,0.0,10,1
2024-11-13,水,,,14,26,24600,8,8000,6,4800,5,4500,3,2700,3,3600,1,1000,16.5,晴,0.0,13.2,0.0,2.3,11.7,1016.8,63.0,4.5,8.3,20.8,12.6,0.0,3,2
2024-11-14,木,,,21,41,39200,9,9000,8,6400,7,6300,5,4500,5,6000,7,7000,15.8,曇一時晴,0.0,6.15,0.0,1.8,12.5,1020.6,69.0,3.2,5.7,18.2,11.9,0.0,13,3
2024-11-15,金,,,18,30,28600,7,7000,6,4800,5,4500,3,2700,3,3600,6,6000,15.9,曇一時雨,7.5,2.71,0.0,1.8,16.4,1015.9,91.0,3.7,5.6,17.7,13.8,0.0,14,4
2024-11-16,土,,,10,15,14200,4,4000,3,2400,4,3600,2,1800,2,2400,0,0,16.7,曇,0.0,6.43,0.0,2.3,14.3,1018.7,75.0,4.4,7.5,18.9,14.3,0.0,12,5
2024-11-18,月,,,18,26,24900,5,5000,5,4000,3,2700,4,3600,3,3600,6,6000,13.7,その他,0.0,4.1,0.0,3.3,9.3,1013.4,58.0,6.7,13.5,18.9,10.1,0.0,0,0
2024-11-19,火,,,19,32,31300,9,9000,7,5600,4,3600,3,2700,7,8400,2,2000,9.7,晴,0.0,12.62,0.0,3.2,5.8,1023.3,48.0,5.7,11.9,13.2,7.3,0.0,3,1
2024-11-20,水,,,7,8,7600,2,2000,2,1600,1,900,1,900,1,1200,1,1000,7.6,雨時々曇,5.5,3.48,0.0,2.5,8.5,1020.2,82.0,5.0,9.1,8.8,5.5,0.0,28,2
2024-11-21,木,,,12,23,21700,5,5000,6,4800,4,3600,3,2700,3,3600,2,2000,10.5,その他,6.5,4.65,0.0,1.8,12.5,1011.8,98.0,3.6,6.7,13.6,8.5,0.0,0,3
2024-11-22,金,,,19,33,31900,8,8000,6,4800,5,4500,4,3600,5,6000,5,5000,11.9,晴,0.0,12.16,0.0,1.6,11.1,1009.1,82.0,4.4,8.4,18.0,7.1,0.0,3,4
2024-11-23,土,,,5,8,7800,2,2000,2,1600,1,900,1,900,2,2400,0,0,12.0,晴,0.0,12.2,0.0,3.5,6.6,1014.4,48.0,8.2,14.2,16.0,8.4,0.0,3,5
2024-11-25,月,,,20,26,25700,7,7000,4,3200,3,2700,4,3600,6,7200,2,2000,9.9,快晴,0.0,12.47,0.0,2.0,7.0,1026.0,58.0,3.9,6.3,14.6,5.8,0.0,2,0
2024-11-26,火,,,10,17,16400,3,3000,4,3200,2,1800,2,1800,3,3600,3,3000,10.0,晴後曇,8.5,9.63,0.0,2.1,8.5,1020.2,70.0,4.1,6.8,14.5,5.6,0.0,8,1
2024-11-27,水,,,5,6,5800,2,2000,1,800,1,900,1,900,1,1200,0,0,14.5,晴時々曇,18.0,10.34,0.0,2.4,12.9,1003.0,79.0,6.5,12.2,20.1,9.3,0.0,10,2
2024-11-28,木,,,16,29,27900,7,7000,7,5600,5,4500,4,3600,6,7200,0,0,13.2,快晴,0.0,12.33,0.0,2.9,6.6,1002.4,45.0,6.2,12.1,18.3,9.4,0.0,2,3
2024-11-29,金,,,23,52,50900,13,13000,9,7200,8,7200,7,6300,11,13200,4,4000,11.4,晴,0.0,11.47,0.0,2.5,5.8,999.2,44.0,5.3,10.2,16.5,7.9,0.0,3,4
2024-11-30,土,,,17,31,30400,6,6000,5,4000,4,3600,4,3600,6,7200,6,6000,10.4,快晴,0.0,11.78,0.0,2.0,6.6,1001.3,54.0,4.8,7.7,16.7,5.7,0.0,2,5
2024-12-02,月,,,12,21,20100,6,6000,5,4000,3,2700,2,1800,3,3600,2,2000,11.4,晴一時曇,0.0,8.8,0.0,1.9,9.7,1014.8,72.0,3.3,7.5,16.8,7.6,0.0,4,0
2024-12-03,火,,,24,29,28400,6,6000,5,4000,5,4500,3,2700,6,7200,4,4000,11.9,快晴,0.0,11.41,0.0,1.8,10.5,1011.7,77.0,3.6,5.5,17.5,7.4,0.0,2,1
2024-12-04,水,,,17,33,31800,7,7000,6,4800,7,6300,3,2700,5,6000,5,5000,12.7,晴一時薄曇,0.0,11.35,0.0,2.0,8.6,1007.8,60.0,5.2,7.8,17.8,8.4,0.0,5,2
2024-12-05,木,,,12,15,14600,4,4000,3,2400,2,1800,2,1800,3,3600,1,1000,11.5,薄曇時々晴,0.0,9.01,0.0,1.7,7.4,1005.2,55.0,4.0,6.2,15.5,8.9,0.0,25,3
2024-12-06,金,,,27,49,47100,10,10000,11,8800,8,7200,7,6300,9,10800,4,4000,11.0,快晴,0.0,11.59,0.0,2.4,6.5,1006.1,51.0,5.4,8.8,16.7,5.2,0.0,2,4
2024-12-07,土,,,9,16,15700,3,3000,3,2400,2,1800,1,900,3,3600,4,4000,8.9,晴後一時曇,0.0,11.26,0.0,2.1,6.2,1009.5,55.0,4.0,6.8,12.4,5.9,0.0,6,5
2024-12-09,月,,,10,15,15800,5,5000,3,2400,3,2700,1,900,4,4800,0,0,7.7,快晴,0.0,11.7,0.0,2.8,4.8,1013.8,46.0,6.2,11.4,13.0,2.5,0.0,2,0
2024-12-10,火,,,18,30,29100,8,8000,5,4000,7,6300,2,1800,5,6000,3,3000,8.5,快晴,0.0,11.47,0.0,1.9,5.8,1013.3,53.0,3.8,6.9,13.8,4.4,0.0,2,1
2024-12-11,水,,,6,11,10700,3,3000,2,1600,2,1800,1,900,2,2400,1,1000,8.7,薄曇後晴,0.0,10.0,0.0,2.5,5.8,1010.1,52.0,6.3,11.4,13.5,5.4,0.0,24,2
2024-12-12,木,,,12,20,19400,5,5000,4,3200,2,1800,2,1800,3,3600,4,4000,7.1,晴,0.0,9.83,0.0,3.0,4.0,1013.6,40.0,5.7,11.8,10.8,4.3,0.0,3,3
2024-12-13,金,,,17,31,30600,9,9000,6,4800,3,2700,3,2700,7,8400,3,3000,5.3,薄曇一時晴,0.0,5.15,0.0,1.7,4.7,1011.5,53.0,3.7,6.1,8.4,1.2,0.0,22,4
2024-12-14,土,,,7,9,8800,2,2000,2,1600,1,900,1,900,2,2400,1,1000,7.2,晴,0.0,11.2,0.0,3.5,4.4,1007.3,44.0,8.1,15.8,12.3,3.5,0.0,3,5
2024-12-16,月,,,14,22,21700,5,5000,3,2400,3,2700,2,1800,4,4800,5,5000,7.7,快晴,0.0,11.26,0.0,1.6,6.0,1010.1,58.0,3.5,5.6,12.7,3.3,0.0,2,0
2024-12-17,火,,,14,22,21200,6,6000,4,3200,5,4500,3,2700,4,4800,0,0,8.0,快晴,0.0,11.09,0.0,1.9,6.4,1011.7,61.0,3.9,6.0,13.8,2.7,0.0,2,1
2024-12-18,水,,,13,18,17700,3,3000,3,2400,3,2700,2,1800,4,4800,3,3000,7.6,晴時々薄曇,0.0,10.53,0.0,2.4,5.6,1011.7,55.0,5.2,9.5,13.2,2.8,0.0,11,2
2024-12-19,木,,,15,21,20300,6,6000,5,4000,3,2700,2,1800,4,4800,1,1000,5.2,その他,0.5,7.72,0.0,2.8,5.3,1014.7,61.0,5.1,10.5,8.3,2.5,0.0,0,3
2024-12-20,金,,,18,33,31800,7,7000,6,4800,7,6300,5,4500,6,7200,2,2000,6.5,薄曇一時晴,0.0,9.39,0.0,1.7,5.6,1017.7,58.0,3.7,5.9,11.6,1.1,0.0,22,4
2024-12-21,土,,,10,15,14600,2,2000,3,2400,2,1800,2,1800,3,3600,3,3000,9.4,晴,0.0,10.75,0.0,3.4,7.2,1005.5,61.0,8.2,16.1,16.5,2.8,0.0,3,5
2024-12-23,月,,,13,21,20500,5,5000,3,2400,3,2700,2,1800,3,3600,5,5000,6.1,快晴,0.0,11.53,0.0,2.9,3.7,1011.3,40.0,5.7,10.9,11.1,2.4,0.0,2,0
2024-12-24,火,,,22,26,24900,6,6000,5,4000,6,5400,3,2700,4,4800,2,2000,6.7,快晴,0.0,11.35,0.0,2.8,4.4,1014.3,47.0,7.0,12.8,12.2,1.8,0.0,2,1
2024-12-25,水,,,20,26,25400,7,7000,6,4800,4,3600,2,1800,6,7200,1,1000,7.7,曇時々晴,0.0,8.66,0.0,2.5,4.8,1021.1,46.0,6.0,10.7,11.3,4.5,0.0,19,2
2024-12-26,木,,,8,9,8800,2,2000,2,1600,1,900,1,900,2,2400,1,1000,8.9,晴,0.0,10.28,0.0,1.7,6.1,1008.3,54.0,4.2,8.2,14.7,3.4,0.0,3,3
2024-12-27,金,,,15,31,30400,6,6000,6,4800,6,5400,4,3600,8,9600,1,1000,7.4,晴後一時曇,0.0,9.55,0.0,2.2,5.2,1006.9,51.0,4.6,9.2,12.7,3.8,0.0,6,4
2024-12-28,土,,,11,18,16900,4,4000,5,4000,3,2700,2,1800,2,2400,2,2000,5.4,晴後一時曇,0.0,10.35,0.0,1.7,5.2,1008.1,59.0,4.0,9.4,11.5,1.4,0.0,6,5
2024-12-30,月,,,16,19,18800,4,4000,3,2400,4,3600,2,1800,5,6000,1,1000,6.2,薄曇一時晴,0.0,8.25,0.0,2.1,5.0,1017.1,53.0,4.7,9.7,10.3,3.5,0.0,22,0
2024-12-31,火,,,17,37,35900,11,11000,7,5600,8,7200,3,2700,7,8400,1,1000,8.0,晴時々曇,0.0,10.69,0.0,2.2,5.8,1003.4,55.0,5.8,12.3,14.6,2.8,0.0,10,1
2025-01-01,水,,,15,16,15300,3,3000,4,3200,3,2700,2,1800,3,3600,1,1000,7.1,快晴,0.0,11.45,0.0,2.8,3.7,1012.4,37.0,6.1,12.0,12.2,4.1,0.0,2,2
2025-01-02,木,,,19,30,29000,6,6000,6,4800,5,4500,3,2700,5,6000,5,5000,7.8,晴後一時曇,0.0,11.17,0.0,1.7,5.4,1012.3,52.0,3.6,5.8,13.9,2.1,0.0,6,3
2025-01-03,金,,,16,24,23200,6,6000,4,3200,4,3600,2,1800,3,3600,5,5000,5.5,その他,0.0,3.97,0.0,2.1,6.8,1011.8,76.0,4.6,7.3,7.6,3.7,0.0,0,4
2025-01-04,土,,,9,13,12600,3,3000,2,1600,2,1800,2,1800,2,2400,2,2000,5.1,快晴,0.0,11.79,0.0,2.1,4.5,1016.7,53.0,4.6,8.3,9.6,1.6,0.0,2,5
2025-01-06,月,,,5,6,5800,1,1000,1,800,1,900,1,900,1,1200,1,1000,4.5,曇後雨,25.0,4.26,0.0,1.8,6.4,1011.1,75.0,5.4,9.7,8.1,1.5,0.0,18,0
2025-01-07,火,,,14,16,15400,4,4000,4,3200,2,1800,2,1800,3,3600,1,1000,8.1,その他,0.0,7.34,0.0,2.3,7.6,998.1,72.0,6.0,11.6,12.9,3.6,0.0,0,1
2025-01-08,水,,,8,10,9800,2,2000,2,1600,1,900,1,900,2,2400,2,2000,6.6,晴,0.0,10.1,0.0,2.3,3.8,1005.5,40.0,4.6,7.8,12.3,2.7,0.0,3,2
2025-01-09,木,,,13,14,13400,4,4000,3,2400,2,1800,2,1800,2,2400,1,1000,6.7,快晴,0.0,10.8,0.0,3.1,3.6,1004.5,37.0,6.1,12.1,12.7,2.3,0.0,2,3
2025-01-10,金,,,18,28,27500,7,7000,4,3200,4,3600,3,2700,5,6000,5,5000,4.6,快晴,0.0,12.46,0.0,3.3,2.9,1011.3,35.0,7.4,13.1,9.4,0.1,0.0,2,4
2025-01-11,土,,,11,20,19400,6,6000,4,3200,2,1800,2,1800,3,3600,3,3000,5.3,晴,0.0,12.51,0.0,2.2,3.7,1018.2,42.0,5.5,9.8,11.3,0.2,0.0,3,5
2025-01-13,月,,,10,17,16500,4,4000,3,2400,3,2700,2,1800,3,3600,2,2000,6.9,快晴,0.0,12.36,0.0,3.1,4.9,1013.8,51.0,9.0,18.4,13.4,1.1,0.0,2,0
2025-01-14,火,,,16,26,25200,6,6000,4,3200,4,3600,4,3600,4,4800,4,4000,6.4,晴,0.0,12.01,0.0,1.5,5.3,1015.4,56.0,3.4,4.9,12.8,1.2,0.0,3,1
2025-01-15,水,,,8,12,11700,3,3000,2,1600,2,1800,1,900,2,2400,2,2000,7.6,晴後一時薄曇,0.0,10.48,0.0,2.9,5.3,1009.0,52.0,8.1,15.3,15.6,2.7,0.0,7,2
2025-01-16,木,,,13,15,14300,3,3000,4,3200,3,2700,2,1800,3,3600,0,0,4.6,曇後一時晴,0.0,6.25,0.0,2.2,4.2,1014.1,50.0,4.0,10.3,7.7,2.6,0.0,15,3
2025-01-17,金,,,14,29,28200,6,6000,6,4800,3,2700,3,2700,5,6000,6,6000,4.9,快晴,0.0,12.66,0.0,3.8,3.7,1014.7,44.0,7.9,13.3,9.7,1.0,0.0,2,4
2025-01-18,土,,,7,12,11700,3,3000,2,1600,2,1800,1,900,2,2400,2,2000,4.6,晴,0.0,12.65,0.0,2.1,4.0,1020.7,47.0,3.9,7.8,9.7,0.8,0.0,3,5
2025-01-20,月,,,10,17,16600,3,3000,3,2400,4,3600,2,1800,4,4800,1,1000,9.2,その他,0.5,10.95,0.0,1.7,8.3,1009.2,72.0,3.9,6.8,13.9,5.0,0.0,0,0
2025-01-21,火,,,15,23,22300,5,5000,4,3200,4,3600,3,2700,4,4800,3,3000,9.4,晴時々曇,0.0,10.08,0.0,2.1,8.2,1012.6,70.0,3.6,7.2,13.8,7.1,0.0,10,1
2025-01-22,水,,,9,11,10700,4,4000,2,1600,2,1800,1,900,2,2400,0,0,8.2,快晴,0.0,13.01,0.0,2.1,4.9,1017.3,46.0,4.6,9.2,13.4,4.1,0.0,2,2
2025-01-23,木,,,18,26,25600,5,5000,4,3200,2,1800,4,3600,5,6000,6,6000,8.5,曇後晴,0.0,10.93,0.0,1.8,6.8,1018.8,62.0,3.9,6.0,13.9,4.8,0.0,17,3
2025-01-24,金,,,20,35,34000,7,7000,6,4800,5,4500,5,4500,6,7200,6,6000,9.2,晴後一時曇,0.5,12.36,0.0,2.1,7.3,1018.4,64.0,5.6,8.9,14.6,4.4,0.0,6,4
2025-01-25,土,,,13,25,24500,5,5000,4,3200,4,3600,3,2700,5,6000,4,4000,6.8,曇時々晴,0.0,6.98,0.0,2.3,6.9,1017.6,70.0,4.5,8.8,9.2,4.4,0.0,19,5
2025-01-27,月,,,14,20,20400,5,5000,5,4000,4,3600,2,1800,5,6000,0,0,6.4,曇一時晴,0.0,8.7,0.0,2.1,5.2,1011.4,55.0,4.4,6.8,10.2,2.3,0.0,13,0
2025-01-28,火,,,11,13,12700,3,3000,3,2400,2,1800,1,900,3,3600,1,1000,8.4,晴,0.0,11.99,0.0,1.9,5.7,1004.5,52.0,5.2,8.5,13.6,4.6,0.0,3,1
2025-01-29,水,,,7,7,6800,2,2000,1,800,1,900,1,900,1,1200,1,1000,7.0,快晴,0.0,13.74,0.0,2.9,3.7,1006.8,38.0,5.6,11.3,12.8,2.6,0.0,2,2
2025-01-30,木,,,9,13,12600,3,3000,2,1600,2,1800,2,1800,2,2400,2,2000,6.5,快晴,0.0,14.14,0.0,1.9,3.8,1010.4,41.0,4.8,9.7,12.2,1.2,0.0,2,3
2025-01-31,金,,,13,20,19100,4,4000,5,4000,3,2700,2,1800,3,3600,3,3000,7.1,快晴,0.0,13.99,0.0,2.6,3.7,1016.7,38.0,5.8,12.5,13.2,2.2,0.0,2,4
2025-02-01,土,,,9,12,11700,3,3000,2,1600,2,1800,1,900,2,2400,2,2000,7.5,晴後曇,0.0,12.26,0.0,1.8,5.0,1018.1,49.0,3.7,6.6,12.2,2.8,0.0,8,5
2025-02-03,月,,,18,22,21700,6,6000,5,4000,3,2700,2,1800,6,7200,0,0,6.1,曇,0.0,6.21,0.0,1.9,7.0,1004.9,74.0,3.3,5.7,9.6,4.0,0.0,12,0
2025-02-04,火,,,10,12,11500,3,3000,3,2400,2,1800,1,900,2,2400,1,1000,6.0,晴時々曇,0.0,11.41,0.0,2.8,5.0,996.4,55.0,5.6,10.0,11.2,2.3,0.0,10,1
2025-02-05,水,,,8,9,8800,2,2000,2,1600,1,900,1,900,2,2400,1,1000,4.1,晴,0.0,12.1,0.0,3.2,3.3,998.6,41.0,6.6,12.1,9.0,-0.1,0.0,3,2
2025-02-06,木,,,7,12,11700,3,3000,2,1600,2,1800,1,900,2,2400,2,2000,4.0,晴,0.0,15.66,0.0,2.5,2.9,1005.5,37.0,4.9,9.4,9.2,-0.6,0.0,3,3
2025-02-07,金,,,14,23,22300,6,6000,5,4000,2,1800,3,2700,4,4800,3,3000,4.9,晴,0.0,13.63,0.0,2.9,3.0,1003.6,35.0,8.5,15.6,10.6,-0.6,0.0,3,4
2025-02-08,土,,,10,16,15500,3,3000,2,1600,3,2700,2,1800,2,2400,4,4000,4.6,快晴,0.0,16.0,0.0,4.5,3.2,1004.3,38.0,9.5,18.9,9.7,0.3,0.0,2,5
2025-02-10,月,,,20,38,36200,8,8000,9,7200,6,5400,4,3600,5,6000,6,6000,5.5,快晴,0.0,15.89,0.0,2.2,3.5,1013.3,41.0,4.5,7.1,11.4,-0.5,0.0,2,0
2025-02-11,火,,,9,10,9800,2,2000,2,1600,1,900,1,900,2,2400,2,2000,5.1,快晴,0.0,16.23,0.0,3.4,3.7,1017.5,43.0,8.7,16.0,10.5,0.3,0.0,2,1
2025-02-12,水,,,12,19,18300,5,5000,3,2400,3,2700,2,1800,2,2400,4,4000,7.2,晴時々薄曇,0.0,11.23,0.0,2.8,5.9,1013.2,55.0,7.3,14.8,12.7,0.4,0.0,11,2
2025-02-13,木,,,11,20,19400,5,5000,4,3200,4,3600,2,1800,4,4800,1,1000,7.4,快晴,0.0,16.25,0.0,4.3,4.5,1002.2,43.0,9.0,20.6,13.1,3.4,0.0,2,3
2025-02-14,金,,,13,27,26100,6,6000,6,4800,5,4500,2,1800,5,6000,3,3000,7.9,晴,0.0,16.66,0.0,2.6,4.0,1011.8,37.0,4.9,9.6,14.5,2.4,0.0,3,4
2025-02-15,土,,,10,17,16400,4,4000,3,2400,4,3600,2,1800,3,3600,1,1000,9.6,快晴,0.0,16.23,0.0,2.7,6.1,1015.1,50.0,5.6,10.5,14.0,5.2,0.0,2,5
2025-02-17,月,,,12,18,17500,3,3000,3,2400,3,2700,2,1800,3,3600,4,4000,9.3,その他,0.0,9.95,0.0,3.2,6.0,1002.0,50.0,9.1,16.8,15.5,3.9,0.0,0,0
2025-02-18,火,,,10,11,10700,3,3000,2,1600,2,1800,1,900,2,2400,1,1000,5.0,晴後一時曇,0.0,14.71,0.0,3.8,2.8,1007.5,32.0,7.5,17.2,9.7,1.9,0.0,6,1
2025-02-19,水,,,8,8,7800,2,2000,2,1600,1,900,1,900,2,2400,0,0,3.9,快晴,0.0,17.93,0.0,3.9,2.8,1010.8,36.0,8.7,16.7,8.9,0.4,0.0,2,2
2025-02-20,木,,,11,14,13800,3,3000,2,1600,2,1800,2,1800,3,3600,2,2000,4.5,晴,0.0,17.26,0.0,2.8,2.6,1016.0,32.0,7.0,11.9,10.6,-1.0,0.0,3,3
2025-02-21,金,,,13,25,24300,5,5000,5,4000,5,4500,2,1800,5,6000,3,3000,5.4,晴後薄曇,0.0,16.89,0.0,3.1,2.7,1017.7,31.0,6.0,10.5,10.9,1.0,0.0,9,4
2025-02-22,土,,,9,17,17000,4,4000,3,2400,2,1800,2,1800,5,6000,1,1000,4.4,晴後一時曇,0.0,14.32,0.0,3.0,3.0,1016.9,36.0,7.4,13.3,9.4,1.4,0.0,6,5
2025-02-24,月,,,10,12,13000,3,3000,2,1600,2,1800,2,1800,4,4800,0,0,4.8,晴,0.0,18.65,0.0,3.4,3.2,1015.3,39.0,7.0,12.9,10.8,-0.1,0.0,3,0
2025-02-25,火,,,12,18,17100,5,5000,5,4000,3,2700,2,1800,3,3600,0,0,7.1,快晴,0.0,18.74,0.0,3.1,4.5,1020.0,45.0,6.5,11.5,12.7,0.5,0.0,2,1
2025-02-26,水,,,16,26,25500,7,7000,4,3200,5,4500,2,1800,5,6000,3,3000,10.4,快晴,0.0,18.45,0.0,2.6,4.3,1012.4,36.0,5.5,9.6,17.6,4.0,0.0,2,2
2025-02-27,木,,,23,32,31200,9,9000,5,4000,6,5400,4,3600,6,7200,2,2000,10.2,快晴,0.0,18.81,0.0,2.8,5.2,1016.8,42.0,5.0,8.6,16.5,4.2,0.0,2,3
2025-02-28,金,,,22,43,41100,10,10000,11,8800,7,6300,4,3600,7,8400,4,4000,11.0,薄曇後晴,0.0,16.07,0.0,1.8,6.8,1016.6,52.0,3.2,5.7,16.6,5.4,0.0,24,4
2025-03-01,土,,,10,20,19300,3,3000,4,3200,3,2700,2,1800,3,3600,5,5000,13.3,晴時々薄曇,0.0,18.83,0.0,2.9,8.7,1016.2,58.0,6.8,11.4,19.7,6.5,0.0,11,5
2025-03-03,月,,,8,11,10700,3,3000,2,1600,2,1800,1,900,2,2400,1,1000,5.9,その他,30.0,1.52,0.0,3.6,8.5,1014.2,89.0,6.2,12.7,14.4,1.6,0.0,0,0
2025-03-04,火,,,5,6,5800,2,2000,1,800,1,900,1,900,1,1200,0,0,2.4,その他,10.0,4.93,1.0,2.6,5.6,1023.4,78.0,4.8,8.1,5.4,0.4,1.0,0,1
2025-03-05,水,,,4,6,5800,1,1000,1,800,1,900,1,900,1,1200,1,1000,5.3,その他,16.5,3.34,1.0,3.1,8.9,1012.5,99.0,5.6,9.1,8.4,0.8,0.0,0,2
2025-03-06,木,,,9,11,10700,4,4000,2,1600,2,1800,1,900,2,2400,0,0,9.1,曇,0.0,3.12,0.0,3.7,6.6,1008.4,58.0,7.6,14.0,11.7,6.6,0.0,12,3
2025-03-07,金,,,16,24,22700,7,7000,6,4800,4,3600,3,2700,3,3600,1,1000,6.9,晴,0.0,20.78,0.0,4.6,3.9,1017.3,39.0,9.1,17.2,12.2,3.2,0.0,3,4
2025-03-08,土,,,8,12,11700,3,3000,2,1600,2,1800,1,900,2,2400,2,2000,3.2,その他,9.5,5.16,0.0,1.9,5.0,1024.7,66.0,4.1,8.1,6.8,0.5,0.0,0,5
2025-03-10,月,,,15,20,19600,4,4000,3,2400,4,3600,2,1800,4,4800,3,3000,9.1,晴後一時薄曇,0.0,20.86,0.0,2.8,5.2,1026.5,45.0,6.2,9.6,14.9,3.2,0.0,7,0
2025-03-11,火,,,12,20,19600,6,6000,3,2400,3,2700,3,2700,4,4800,1,1000,10.3,曇時々雨,0.5,6.59,0.0,2.0,9.0,1021.6,72.0,4.6,8.3,13.8,6.3,0.0,20,1
2025-03-12,水,,,6,11,10700,3,3000,2,1600,2,1800,1,900,2,2400,1,1000,11.6,雨時々曇,15.5,6.98,0.0,1.5,13.3,1014.8,97.0,4.0,6.2,14.7,8.8,0.0,28,2
2025-03-13,木,,,20,40,39200,8,8000,7,5600,6,5400,4,3600,8,9600,7,7000,14.5,薄曇時々晴,0.0,16.58,0.0,2.2,11.1,1010.2,69.0,5.1,7.9,20.4,9.1,0.0,25,3
2025-03-14,金,,,11,22,21600,4,4000,4,3200,3,2700,3,2700,5,6000,3,3000,12.8,薄曇後晴,0.0,19.57,0.0,3.3,4.8,1018.2,33.0,5.7,12.8,19.6,8.5,0.0,24,4
2025-03-15,土,,,7,8,8000,2,2000,1,800,1,900,1,900,2,2400,1,1000,8.9,曇後一時雨,0.0,6.42,0.0,2.2,5.6,1022.3,50.0,4.3,9.6,12.0,6.7,0.0,16,5
2025-03-17,月,,,17,24,23300,7,7000,6,4800,2,1800,3,2700,5,6000,1,1000,10.0,晴,0.0,17.27,0.0,3.1,7.6,997.6,63.0,8.9,18.1,16.2,6.6,0.0,3,0
2025-03-18,火,,,5,8,7600,2,2000,2,1600,1,900,1,900,1,1200,1,1000,8.6,薄曇一時晴,0.0,16.94,0.0,3.4,5.7,1010.0,51.0,6.3,12.6,12.9,4.6,0.0,22,1
2025-03-19,水,,,6,10,9700,2,2000,2,1600,2,1800,1,900,2,2400,1,1000,5.6,その他,26.5,8.28,1.0,3.9,7.3,1006.8,81.0,6.8,12.5,10.7,0.5,1.0,0,2
2025-03-20,木,,,7,7,6800,2,2000,1,800,1,900,1,900,1,1200,1,1000,8.3,晴,0.0,22.34,0.0,2.3,6.0,1014.6,55.0,4.5,8.2,13.7,4.3,0.0,3,3
2025-03-21,金,,,18,43,42000,14,14000,8,6400,6,5400,4,3600,8,9600,3,3000,11.2,快晴,0.0,22.13,0.0,2.6,8.0,1009.0,62.0,5.4,9.8,17.4,3.9,0.0,2,4
2025-03-22,土,,,14,20,19200,5,5000,3,2400,4,3600,2,1800,2,2400,4,4000,15.8,快晴,0.0,21.78,0.0,2.3,8.3,1003.0,49.0,5.5,8.4,23.6,6.9,0.0,2,5
2025-03-24,月,,,7,10,9700,2,2000,2,1600,2,1800,1,900,2,2400,1,1000,14.8,薄曇時々晴,0.0,11.55,0.0,2.3,12.5,1007.2,75.0,5.6,8.4,19.2,10.0,0.0,25,0
2025-03-25,火,,,6,11,10200,3,3000,3,2400,2,1800,2,1800,1,1200,0,0,17.8,晴,0.0,20.55,0.0,3.2,11.8,1000.4,61.0,7.2,11.5,25.0,10.1,0.0,3,1
2025-03-26,水,,,10,14,13400,5,5000,3,2400,2,1800,2,1800,2,2400,0,0,20.4,晴,0.0,19.81,0.0,3.8,10.2,1000.8,45.0,7.5,13.3,25.9,14.9,0.0,3,2
2025-03-27,木,,,10,14,13400,2,2000,3,2400,2,1800,2,1800,2,2400,3,3000,17.9,薄曇一時晴,0.0,17.49,0.0,3.8,14.5,1005.4,69.0,9.4,16.9,22.4,12.2,0.0,22,3
2025-03-28,金,,,14,28,26900,6,6000,7,5600,3,2700,4,3600,5,6000,3,3000,19.9,その他,2.5,14.41,0.0,4.2,18.3,996.9,79.0,8.3,16.3,25.7,14.1,0.0,0,4
2025-03-29,土,,,6,8,7600,2,2000,2,1600,1,900,1,900,1,1200,1,1000,7.6,雨,12.5,2.51,0.0,3.1,9.6,1013.0,90.0,5.6,11.6,14.3,4.3,0.0,26,5
2025-03-31,月,,,9,15,14800,4,4000,2,1600,2,1800,2,1800,3,3600,2,2000,7.0,曇時々雨,0.0,7.34,0.0,3.0,6.2,1024.1,62.0,5.0,9.6,8.9,5.5,0.0,20,0
2025-04-01,火,,,5,6,5800,1,1000,1,800,1,900,1,900,1,1200,1,1000,18.3,その他,0.0,12.9,0.0,2.6,15.1,1010.2,72.0,5.5,9.6,22.7,14.1,0.0,0,1
